{"cameraMode":{"drawMode":0,"name":"Shaded","section":"Shading Mode"},"sceneLighting":false,"audioPlay":false,"sceneViewState":{"showFog":true,"showMaterialUpdate":false,"showSkybox":true,"showFlares":true,"showImageEffects":true,"showParticleSystems":true},"in2DMode":false,"pivot":{"x":-0.280005544424057,"y":1.23987877368927,"z":0.18985611200332642},"rotation":{"x":-0.0020446856506168844,"y":-0.925346851348877,"z":0.3790833353996277,"w":-0.0049906568601727489},"size":0.931109607219696,"orthographic":false}