{"cameraMode":{"drawMode":0,"name":"Shaded","section":"Shading Mode"},"sceneLighting":false,"audioPlay":false,"sceneViewState":{"showFog":true,"showMaterialUpdate":false,"showSkybox":true,"showFlares":true,"showImageEffects":true,"showParticleSystems":true},"in2DMode":false,"pivot":{"x":-0.77668297290802,"y":0.6090943813323975,"z":0.5051826238632202},"rotation":{"x":-0.031476568430662158,"y":-0.8976984024047852,"z":0.43465012311935427,"w":-0.06500867009162903},"size":0.14000721275806428,"orthographic":false}