{"cameraMode":{"drawMode":0,"name":"Shaded","section":"Shading Mode"},"sceneLighting":false,"audioPlay":false,"sceneViewState":{"showFog":true,"showMaterialUpdate":false,"showSkybox":true,"showFlares":true,"showImageEffects":true,"showParticleSystems":true},"in2DMode":false,"pivot":{"x":-0.031496405601501468,"y":0.15236568450927735,"z":-0.11055302619934082},"rotation":{"x":-0.10991191864013672,"y":0.8208186030387878,"z":-0.16879050433635713,"w":-0.5344961285591126},"size":1.4715569019317628,"orthographic":false}