{"cameraMode":{"drawMode":0,"name":"Shaded","section":"Shading Mode"},"sceneLighting":false,"audioPlay":false,"sceneViewState":{"showFog":true,"showMaterialUpdate":false,"showSkybox":true,"showFlares":true,"showImageEffects":true,"showParticleSystems":true},"in2DMode":false,"pivot":{"x":-2.7718300819396974,"y":0.844986081123352,"z":11.600326538085938},"rotation":{"x":-0.14585958421230317,"y":0.7918250560760498,"z":-0.20793989300727845,"w":-0.5554269552230835},"size":0.46155813336372378,"orthographic":false}