{"cameraMode":{"drawMode":0,"name":"Shaded","section":"Shading Mode"},"sceneLighting":false,"audioPlay":false,"sceneViewState":{"showFog":true,"showMaterialUpdate":false,"showSkybox":true,"showFlares":true,"showImageEffects":true,"showParticleSystems":true},"in2DMode":false,"pivot":{"x":-0.09765984863042832,"y":1.1857696771621705,"z":-0.0106081897392869},"rotation":{"x":-0.41694366931915285,"y":-0.0892060324549675,"z":0.041161373257637027,"w":-0.9036072492599487},"size":0.6452344655990601,"orthographic":false}