{"cameraMode":{"drawMode":0,"name":"Shaded","section":"Shading Mode"},"sceneLighting":false,"audioPlay":false,"sceneViewState":{"showFog":true,"showMaterialUpdate":false,"showSkybox":true,"showFlares":true,"showImageEffects":true,"showParticleSystems":true},"in2DMode":false,"pivot":{"x":-0.8526768088340759,"y":-7.087378978729248,"z":-0.6668163537979126},"rotation":{"x":-0.3345421850681305,"y":0.6648093461990356,"z":-0.4899473488330841,"w":-0.4539402425289154},"size":9.508566856384278,"orthographic":false}